rep,trait,value
plant_1,Rd,2.891002544
plant_1,Rd,2.927241444
plant_2,Rd,4.864822136
plant_2,Rd,1.83496358
plant_3,Rd,1.602421908
