rep,trait,value
plant_1,Rd,2.810823488
plant_1,Rd,2.710834196
plant_2,Rd,0.657551307
plant_2,Rd,2.418416011
plant_3,Rd,2.216006434
plant_3,Rd,3.249634054
