"ID","rep","trait","Value","SE","SD"
"20190821","plant_1","vmax",14.5285034843276,NA,1.22262221876133
"20190821","plant_2","vmax",16.2292250576287,NA,4.41696384573655
"20190821","plant_3","vmax",14.2990468485964,NA,0.961168522806464
