"ID","rep","trait","Value","SE","SD"
"20190722","plant_1","vmax",22.2444108081478,NA,4.15833095532826
"20190722","plant_2","vmax",18.1615409135103,NA,4.70605062433372
"20190722","plant_3","vmax",19.2906806542751,NA,4.56118967173752
