"ID","rep","trait","Value","SE","SD"
"20190222","plant_1","vmax",31.9269036280026,NA,6.98231980385727
"20190222","plant_2","vmax",27.6042477479371,NA,7.33991046365653
"20190222","plant_3","vmax",25.1744228386883,NA,6.60207735522462
