"ID","rep","trait","Value","SE","SD"
"20190326","plant_1","vmax",31.3700339004775,NA,16.3570073386108
"20190326","plant_2","vmax",30.3352805380917,NA,6.87033075845365
"20190326","plant_3","vmax",29.3294286162562,NA,7.93022925638001
