"ID","rep","trait","Value","SE","SD"
"20190304","plant_1","vmax",25.9489389694427,NA,6.35867204057019
"20190304","plant_2","vmax",24.27779296001,NA,5.41650971480365
"20190304","plant_3","vmax",21.6040317122102,NA,4.37184226198437
