"ID","rep","trait","Value","SE","SD"
"20190910","plant_1","vmax",17.1204162213559,NA,3.21668273867889
"20190910","plant_2","vmax",16.9785939027578,NA,3.42381439249495
"20190910","plant_3","vmax",16.8513760800971,NA,2.89424285746692
