"ID","rep","trait","Value","SE","SD"
"20200304","plant_1","vmax",19.3786548674462,NA,4.35802221539989
"20200304","plant_2","vmax",26.0336039033563,NA,6.17073757331789
"20200304","plant_3","vmax",20.7450757004535,NA,4.3966328770284
