"ID","rep","trait","Value","SE","SD"
"20200905_outdoor_5cm","plant_1","vmax",25.4520683891025,NA,7.85951436012038
"20200905_outdoor_5cm","plant_2","vmax",31.8355620659151,NA,8.64922224806561
"20200905_outdoor_5cm","plant_3","vmax",33.5356055321497,NA,7.7098631045177
